"gene_set","drug","eligible","observed","expected","p","genes"
"GOBP_CARDIAC_MUSCLE_CONTRACTION","Haloperidol",37,8,2.2,0.00106534316998376,"CSRP3; MYH6; MYL3; MYL4; PDE4B; PRKACA; SNTA1; TNNC1"
"GOBP_CARDIAC_MUSCLE_CONTRACTION","Clozapine",32,0,0.3,1,""
"GOBP_CARDIAC_MUSCLE_CONTRACTION","Risperidone",32,0,0,1,""
"GOBP_SARCOMERE_ORGANIZATION","Haloperidol",21,4,1.25,0.0320658044584181,"CSRP3; LMOD2; MYH6; OBSCN"
"GOBP_SARCOMERE_ORGANIZATION","Clozapine",19,0,0.18,1,""
"GOBP_SARCOMERE_ORGANIZATION","Risperidone",18,0,0,1,""
"GOBP_CARDIAC_MUSCLE_TISSUE_DEVELOPMENT","Haloperidol",52,6,3.09,0.0835085971757528,"CSRP3; FHL2; MYH6; MYL3; TNNC1; VEGFA"
"GOBP_CARDIAC_MUSCLE_TISSUE_DEVELOPMENT","Clozapine",37,1,0.34,0.296106200630109,"VEGFA"
"GOBP_CARDIAC_MUSCLE_TISSUE_DEVELOPMENT","Risperidone",36,0,0,1,""
